,loss,accuracy,precision,recall,f1_score
0,0.5738331179128834,0.4523809523809524,0.4525488642533764,0.4523809523809524,0.45244889097627755
0,0.23965687379393352,0.46279761904761907,0.4608618614172417,0.46279761904761907,0.4605771067270427
