,auc_4,binary_accuracy,loss,lr,recall_4,val_auc_4,val_binary_accuracy,val_loss,val_lr,val_recall_4
0,0.7553730010986328,0.7070425748825073,0.6067915558815002,0.008876104839146137,0.7070425748825073,0.8143932819366455,0.7350157499313354,0.5322178602218628,0.009989269077777863,0.7350157499313354
1,0.7194120287895203,0.6954041123390198,0.6082878708839417,0.009968680329620838,0.6954041123390198,0.6788643598556519,0.6788643598556519,0.6279152631759644,0.009941808879375458,0.6788643598556519
2,0.6789721846580505,0.6787427067756653,0.6295393705368042,0.009902320802211761,0.6787427067756653,0.6788643598556519,0.6788643598556519,0.6277302503585815,0.00985669530928135,0.6788643598556519
3,0.6798869371414185,0.6782176494598389,0.6306225657463074,0.009798659011721611,0.6782176494598389,0.6788643598556519,0.6788643598556519,0.6278994679450989,0.009734624065458775,0.6788643598556519
4,0.6790798902511597,0.6783226728439331,0.6305118799209595,0.009658470749855042,0.6783226728439331,0.6788643598556519,0.6788643598556519,0.6364166736602783,0.009576529264450073,0.6788643598556519
5,0.6792369484901428,0.6783576607704163,0.6305593848228455,0.009482834488153458,0.6783576607704163,0.6788643598556519,0.6788643598556519,0.6277504563331604,0.00938356202095747,0.6788643598556519
