,auc_4,binary_accuracy,loss,lr,recall_4,val_auc_4,val_binary_accuracy,val_loss,val_lr,val_recall_4
0,0.6808375120162964,0.6759599447250366,0.6551812291145325,0.008876104839146137,0.6759599447250366,0.6788643598556519,0.6788643598556519,0.631916344165802,0.009989269077777863,0.6788643598556519
1,0.6771122217178345,0.6787427067756653,0.6287280917167664,0.009968680329620838,0.6787427067756653,0.6788643598556519,0.6788643598556519,0.6288782358169556,0.009941808879375458,0.6788643598556519
2,0.6784110069274902,0.6785677075386047,0.6301248669624329,0.009902320802211761,0.6785677075386047,0.6788643598556519,0.6788643598556519,0.6310906410217285,0.00985669530928135,0.6788643598556519
3,0.6770462989807129,0.6783226728439331,0.6299819946289062,0.009798659011721611,0.6783226728439331,0.6788643598556519,0.6788643598556519,0.6280545592308044,0.009734624065458775,0.6788643598556519
4,0.6766192317008972,0.6786026954650879,0.630895733833313,0.009658470749855042,0.6786026954650879,0.6788643598556519,0.6788643598556519,0.6281449198722839,0.009576529264450073,0.6788643598556519
5,0.6787658929824829,0.6787427067756653,0.6309403777122498,0.009482834488153458,0.6787427067756653,0.6788643598556519,0.6788643598556519,0.6290888786315918,0.00938356202095747,0.6788643598556519
6,0.6772902011871338,0.6785677075386047,0.6302697062492371,0.009273072704672813,0.6785677075386047,0.6788643598556519,0.6788643598556519,0.632201611995697,0.009157293476164341,0.6788643598556519
7,0.6771407127380371,0.6787427067756653,0.6311699748039246,0.009030798450112343,0.6787427067756653,0.6788643598556519,0.6788643598556519,0.6351383328437805,0.008899333886802197,0.6788643598556519
8,0.6797319650650024,0.6783226728439331,0.6308329701423645,0.008757843635976315,0.6783226728439331,0.6788643598556519,0.6788643598556519,0.6306739449501038,0.008611713536083698,0.6788643598556519
