,auc,binary_accuracy,loss,lr,recall,val_auc,val_binary_accuracy,val_loss,val_lr,val_recall
0,0.6797279715538025,0.6787077188491821,3.5998148918151855,0.008876104839146137,0.6787077188491821,0.6788643598556519,0.6788643598556519,0.6288650035858154,0.009989269077777863,0.6788643598556519
1,0.6811678409576416,0.6787427067756653,0.6285573840141296,0.009968680329620838,0.6787427067756653,0.6788643598556519,0.6788643598556519,0.6284169554710388,0.009941808879375458,0.6788643598556519
2,0.6799072623252869,0.6787427067756653,0.6282927989959717,0.009902320802211761,0.6787427067756653,0.6788643598556519,0.6788643598556519,0.6277449131011963,0.00985669530928135,0.6788643598556519
3,0.6789655089378357,0.6787427067756653,0.6281328797340393,0.009798659011721611,0.6787427067756653,0.6788643598556519,0.6788643598556519,0.6277897953987122,0.009734624065458775,0.6788643598556519
4,0.680986225605011,0.6787427067756653,0.627909779548645,0.009658470749855042,0.6787427067756653,0.6788643598556519,0.6788643598556519,0.6279006004333496,0.009576529264450073,0.6788643598556519
5,0.6804018616676331,0.6787427067756653,0.6279370784759521,0.009482834488153458,0.6787427067756653,0.6788643598556519,0.6788643598556519,0.6278871893882751,0.00938356202095747,0.6788643598556519
