AP,AP50,AP75,APl,APm,APs,ARl,ARm,ARmax1,ARmax10,ARmax100,ARs,mask_AP,mask_AP50,mask_AP75,mask_APl,mask_APm,mask_APs,mask_ARl,mask_ARm,mask_ARmax1,mask_ARmax10,mask_ARmax100,mask_ARs,steps_per_second,validation_loss,step,mode
0.69753313,0.848394,0.76717556,-1.0,-1.0,0.7059908,-1.0,-1.0,0.17417434,0.72938097,0.73409134,0.73409134,0.0046870857,0.011201948,0.0030653551,-1.0,-1.0,0.006240244,-1.0,-1.0,0.012055586,0.05374481,0.054574985,0.054574985,6.2777333714285755,0.0,136000,eval
0.7053064,0.8490994,0.7711654,-1.0,-1.0,0.7166567,-1.0,-1.0,0.17614149,0.7353005,0.7413283,0.7413283,0.02251561,0.05116433,0.017704202,-1.0,-1.0,0.032720894,-1.0,-1.0,0.028027432,0.12257715,0.123714134,0.123714134,7.133821992289315,0.0,141000,eval
0.6975352,0.84796923,0.7690662,-1.0,-1.0,0.70379245,-1.0,-1.0,0.1747699,0.72752213,0.73264754,0.73264754,0.004082652,0.009255357,0.00309343,-1.0,-1.0,0.005338436,-1.0,-1.0,0.012506768,0.04995488,0.050514348,0.050514348,7.109010587087321,0.0,146000,eval
0.7007546,0.85079724,0.7728814,-1.0,-1.0,0.70792073,-1.0,-1.0,0.1761054,0.7312579,0.7338928,0.7338928,0.0032007848,0.0073388238,0.0024900266,-1.0,-1.0,0.004323429,-1.0,-1.0,0.010250857,0.044955783,0.045352824,0.045352824,3.586099853844653,0.0,151000,eval
