AP,AP50,AP75,APl,APm,APs,ARl,ARm,ARmax1,ARmax10,ARmax100,ARs,mask_AP,mask_AP50,mask_AP75,mask_APl,mask_APm,mask_APs,mask_ARl,mask_ARm,mask_ARmax1,mask_ARmax10,mask_ARmax100,mask_ARs,steps_per_second,validation_loss,step,mode
0.3822106,0.6671258,0.4068672,-1.0,-1.0,0.4128182,-1.0,-1.0,0.13268363,0.45892438,0.47599712,0.47599712,0.028693916,0.06675186,0.022295995,-1.0,-1.0,0.04129125,-1.0,-1.0,0.035228297,0.10108284,0.10247248,0.10247248,6.634756897921944,0.0,5000,eval
0.47628498,0.7315729,0.54146624,-1.0,-1.0,0.49882266,-1.0,-1.0,0.14544307,0.53934306,0.54870963,0.54870963,0.016397474,0.03858011,0.013576638,-1.0,-1.0,0.024237769,-1.0,-1.0,0.025302293,0.09281718,0.09380978,0.09380978,7.223390614130249,0.0,10000,eval
0.4865693,0.7414308,0.55404615,-1.0,-1.0,0.48790395,-1.0,-1.0,0.15109186,0.54551524,0.5552969,0.5552969,1.4692561e-05,3.0844207e-05,8.243956e-06,-1.0,-1.0,1.559221e-05,-1.0,-1.0,0.0004511821,0.0007760332,0.0007760332,0.0007760332,6.847110803488123,0.0,15000,eval
0.5675476,0.7831175,0.63673955,-1.0,-1.0,0.5720376,-1.0,-1.0,0.1631294,0.6133911,0.621007,0.621007,9.516349e-05,0.00031938677,6.26645e-05,-1.0,-1.0,0.00017631607,-1.0,-1.0,0.0012272153,0.0021476268,0.0021476268,0.0021476268,6.470452747067223,0.0,20000,eval
0.5719104,0.7845431,0.64127505,-1.0,-1.0,0.57591426,-1.0,-1.0,0.16356254,0.6157192,0.62384045,0.62384045,0.00016230601,0.00069480634,7.765482e-06,-1.0,-1.0,0.00024908112,-1.0,-1.0,0.0010106479,0.0018588703,0.0018588703,0.0018588703,5.874181722990628,0.0,25000,eval
0.5721573,0.78423697,0.6419922,-1.0,-1.0,0.57580346,-1.0,-1.0,0.16399567,0.6170186,0.6251579,0.6251579,0.00014187211,0.0006346789,7.657378e-06,-1.0,-1.0,0.00021860056,-1.0,-1.0,0.001209168,0.0021295794,0.0021295794,0.0021295794,4.740730693822733,0.0,30000,eval
0.57426244,0.7853321,0.64243317,-1.0,-1.0,0.57829344,-1.0,-1.0,0.16395958,0.6188594,0.62743187,0.62743187,0.00015586537,0.0006750675,1.9200368e-05,-1.0,-1.0,0.0002289893,-1.0,-1.0,0.0011008843,0.0021295794,0.0021295794,0.0021295794,3.5863905630705952,0.0,35000,eval
