AP,AP50,AP75,APl,APm,APs,ARl,ARm,ARmax1,ARmax10,ARmax100,ARs,mask_AP,mask_AP50,mask_AP75,mask_APl,mask_APm,mask_APs,mask_ARl,mask_ARm,mask_ARmax1,mask_ARmax10,mask_ARmax100,mask_ARs,steps_per_second,validation_loss,step,mode
0.45539042,0.7305207,0.49398136,-1.0,-1.0,0.45962158,-1.0,-1.0,0.14528063,0.5198159,0.54784334,0.54784334,0.0030487946,0.005128725,0.004950495,-1.0,-1.0,0.0030570745,-1.0,-1.0,0.002472478,0.0074715754,0.007760332,0.007760332,3.4812859985737736,0.0,10100,eval
