AP,AP50,AP75,APl,APm,APs,ARl,ARm,ARmax1,ARmax10,ARmax100,ARs,ap,ap50,ap75,mask_AP,mask_AP50,mask_AP75,mask_APl,mask_APm,mask_APs,mask_ARl,mask_ARm,mask_ARmax1,mask_ARmax10,mask_ARmax100,mask_ARs,mask_ap,mask_ap50,mask_ap75,steps_per_second,validation_loss,step,mode
0.431227,0.65346247,0.4805227,-1.0,-1.0,0.458596,-1.0,-1.0,0.14396319,0.5094929,0.5196535,0.5196535,0.41888303,0.64699334,0.46633723,0.020816075,0.037155647,0.019372514,-1.0,-1.0,0.026194513,-1.0,-1.0,0.027197257,0.065818444,0.06585454,0.06585454,0.011516722,0.026115207,0.009326177,0.9985535668240221,0.0,11000,eval
