box,cls,model,total,validation,step
0.017173328,0.95345676,1.8121231,3.1241171,3.1241171,1000
